Hyb,Newname,Color,Sequence,Sequence for ChrX primary probes,
1,R1,A647,TAATCAAAGGCCGCA,,# Note that those are readout sequences on the primary probes. Dye-conjugated readout probe sequences are reverse complementary to those.
1,R2,A488,TGACGGTTGTAACGG,,
1,R3,Cy3B,GCGGTGATTGCACCA,,
2,R4,A647,TGCTCCCGGATTACA,,
2,R5,A488,AATGACGCGACATAG,,
2,R6,Cy3B,AGGGCCACGCACAAA,,
3,R7,A647,CGCGGTGTTCAGGAT,,
3,R242,A488,CTCTCTCATAGCGCA,CATGAATTCTCGCCA,
3,R9,Cy3B,TAGAGGTATGTCGGA,,
4,R10,A647,GCAGGGTGAACCTAC,,
4,R11,A488,AATTGCATCTTCGCG,,
4,R12,Cy3B,AGCTCGGCCTGTGAT,,
5,R13,A647,GGGTGGAATTTCGTA,,
5,R14,A488,GGCTTACTGAGTGAA,,
5,R15,Cy3B,GGGCCAGCGCAATAA,,
6,R16,A647,CTGGTGATAACGCTA,,
6,R17,A488,CCGCAAGTAATCTGT,,
6,R18,Cy3B,TATCGCAACCGACCT,,
7,R19,A647,ATTCATCCGCAGGTC,,
7,R20,A488,ACTCAAGGCCGGTAT,,
7,R21,Cy3B,GCCTTATACAGCGTA,,
8,R22,A647,TCCGTTATGGGCGTA,,
8,R23,A488,GTCCCGGCGTATCAA,,
8,R24,Cy3B,CACTCGTACAGCGTT,,
9,R25,A647,GACTGATTGGATGCA,,
9,R26,A488,GGCTAGCAGTCCGTC,,
9,R27,Cy3B,GCGCAATAAACCCTA,,
10,R28,A647,GTCCTAGAGGTAGTT,,
10,R29,A488,CCCTCGTACGCCTAT,,
10,R30,Cy3B,AATCCAGACGGGATG,,
11,R31,A647,GCACGAGATTCACAT,,
11,R32,A488,TCCGCCTGGATCCAA,,
11,R33,Cy3B,AAGCGGACGTCAGTT,,
12,R34,A647,ACGGAAGCTCTAATC,,
12,R35,A488,TAGAATTCGCGGCCA,,
12,R36,Cy3B,TGATACGCGAACTGT,,
13,R37,A647,AATCAGGATACGGCG,,
13,R38,A488,GGTCTCGGATATGCA,,
13,R39,Cy3B,TGCGTACGACAATGT,,
14,R40,A647,ACAACGTGCGCCTGA,,
14,R41,A488,TAAGATGTCGCCGTG,,
14,R318,Cy3B,CCTTCGCTTGTCTCA,,
15,R43,A647,TGGATCATTCTACGG,,
15,R44,A488,TCTAGTCTCACGCAA,,
15,R45,Cy3B,AGATTGGCGCGACAT,,
16,R46,A647,AACGCGTAGGCTAGA,,
16,R47,A488,TTGACGAAGCCTGAC,,
16,R48,Cy3B,ACTACGCGCGGATAT,,
17,R49,A647,TTCCACTGCGTAGTG,,
17,R50,A488,ATTGTGCGAGGTCCA,,
17,R51,Cy3B,TCAATTGGGCGCTCA,,
18,R52,A647,CTCTAGGATCGTACG,,
18,R53,A488,TGACTCGCACTGGGA,,
18,R54,Cy3B,TTATTACGGAGGCTG,,
19,R55,A647,TAGCTCGACAGGGTT,,
19,R56,A488,TGCGGACCTCTTATA,,
19,R57,Cy3B,GCTAGGCACCTGGAT,,
20,R58,A647,GCGGCATTGACTAAG,,
20,R59,A488,TCGGGCGGCTATAGA,,
20,R60,Cy3B,TGTTCGCCAGGATTG,,
21,R61,A647,TGGTCGAGGTATTCG,,
21,R62,A488,ACATTCGTTATCGCG,,
21,R63,Cy3B,ATATTCAGGCTAGCG,,
22,R64,A647,ACGCTAGTAACGTCT,,
22,R65,A488,CCTAGGCATATTCGA,,
22,R66,Cy3B,AGTACTCTTACGCGA,,
23,R67,A647,TAACGAGTGCTAACG,,
23,R68,A488,TATTCGTGAATCGCG,,
23,R252,Cy3B,CAAGACCATTCGTCA,,
24,R70,A647,TATTGGCTACGGAGC,,
24,R71,A488,ATACGGACAATTCGG,,
24,R72,Cy3B,GTCGTAATAGCACGC,,
25,R73,A647,TCTCGTGATACGGAA,,
25,R74,A488,CTGCGAGACATTGCT,,
25,R75,Cy3B,CGCTAATTGCCGAGT,,
26,R76,A647,TGCCTTGTCACGCAA,,
26,R77,A488,AGCACCTTTACATCG,,
26,R78,Cy3B,CCGGTTAGCAATGCT,,
27,R79,A647,CCACGATCGCTGATT,,
27,R80,A488,TGGCCCATACTCGTT,,
27,R81,Cy3B,CTTCAGCGATAGGCA,,
28,R82,A647,GTAAGCTATAAGCGG,,
28,R83,A488,ATTGCGAGGCCACTA,,
28,R84,Cy3B,ACTTCAACGAGTGAC,,
29,R85,A647,AGTCGTATACGCGTG,,
29,R86,A488,CACTTAACTAGACGC,,
29,R87,Cy3B,CACAGACGCATATTC,,
30,R88,A647,CGCGTCACGTTCAAT,,
30,R89,A488,CTGATAAGCTTGGAC,,
30,R319,Cy3B,CGTACAAACCGAACA,,
31,R91,A647,GCTGTCGCCTATAAG,,
31,R92,A488,TTAATCGGCCGAACG,,
31,R93,Cy3B,AATTCGACGGTCTAG,,
32,R94,A647,GCGACTGGAACACTT,,
32,R95,A488,TGATACGCTTGGCAT,,
32,R96,Cy3B,TGGCAGATCGCTAAT,,
33,R250,A647,GCTTCTCGTTCATCG,,
33,R98,A488,CATGATACAATCCGG,,
33,R99,Cy3B,GGCGTATCGAACATT,,
34,R100,A647,ATTGCACAACCGATG,,
34,R101,A488,CGTACTGCAGATCGA,,
34,R102,Cy3B,TACGACTCGGTCATT,,
35,R103,A647,TCGTAGAGCCTAATC,,
35,R104,A488,GGCGCACAACGAAAT,,
35,R105,Cy3B,TCGATGAATCGTCGA,,
36,R106,A647,TGTGCGAACACTCGT,,
36,R107,A488,AACGATCGCGGTGAT,,
36,R108,Cy3B,ATAGAATATCGGCCG,,
37,R312,A647,GGCCTTAAGTCACCA,,
37,R110,A488,CGTCGTATCCAGTAT,,
37,R111,Cy3B,CTATTATCGCCGAGA,,
38,R112,A647,CGATTAGTCGTCACT,,
38,R113,A488,ACTCCGAATGCTACG,,
38,R114,Cy3B,GGTTACACGCGACTA,,
39,R115,A647,ATGTAACCAAGCGTC,,
39,R116,A488,TCAGTTACCGGTGTA,,
39,R117,Cy3B,TCCAGCTTACGTTCG,,
40,R118,A647,AGTACAACGGCATTC,,
40,R119,A488,AACCTGCCAACGCTT,,
40,R120,Cy3B,ATCTAACCGGGACGT,,
41,R121,A647,CTAGTGATTCGCACC,,
41,R122,A488,CTGGTCATAACTCCC,,
41,R123,Cy3B,AATCAGGCGTGTTAC,,
42,R124,A647,CGCTTGCGATTTCGA,,
42,R125,A488,CTTTCGTACCTACGG,,
42,R126,Cy3B,ATTATCAACGAGACC,,
43,R127,A647,CATGTACGACCGTAA,,
43,R128,A488,AATCCTCGGTCGTAG,,
43,R129,Cy3B,GGGTATGATCGCAGT,,
44,R130,A647,TGTGTTTCGCAACGA,,
44,R131,A488,TCAGAGCTACGACTA,,
44,R132,Cy3B,AGTAGTCGCTAGGCT,,
45,R331,A647,CAGGTCCATGACTCT,,
45,R134,A488,TTAAGGATCAGACCG,,
45,R249,Cy3B,CACTGTAAAGCCAGT,,
46,R247,A647,CAGTCGTCGCAAACT,,
46,R137,A488,CTGTTAACGAGGCCT,,
46,R138,Cy3B,CGTACCGACATCGAA,,
47,R139,A647,GAACGCCGCTATTAA,,
47,R251,A488,CGTGATAGCCAAACC,,
47,R141,Cy3B,ATAGCGTTCCACGGG,,
48,R142,A647,AATACGCGAGCTCAG,,
48,R143,A488,TTGGCGCCGCTAAAT,,
48,R144,Cy3B,CGCTTTTACGTACCA,,
49,R145,A647,GTACAACCTCGGTTA,,
49,R146,A488,AGACTTCGCCGTACA,,
49,gAdapt_168,Cy3B,CTGCGAAACGAAGAA,,
50,R148,A647,CGTCGATAGGACTCA,,
50,R149,A488,ATCTTGCGCGTTGGG,,
50,R243,Cy3B,GACCGAACAGTATCT,,
51,R151,A647,CACCGGTCTACGTAA,,
51,R152,A488,AAAGTTCGCGACCTA,,
51,R320,Cy3B,GAAGTCTAATTCCGC,,
52,R154,A647,AAGAACGGGTCACTC,,
52,R155,A488,ATGCGTCGGTGCTAT,,
52,R156,Cy3B,GCTTGGGTCGAGCAA,,
53,R157,A647,GTTACGGAACAGCGA,,
53,R158,A488,GCGTGATCGGTGATT,,
53,R159,Cy3B,CGCCGAGCGATATAA,,
54,R241,A647,CCGGTTATTACATGC,,
54,R161,A488,GTGTGCAGAATAGCG,,
54,R162,Cy3B,ACATTCGCAAGGAAC,,
55,R163,A647,AGGATTCCAAGGCGA,,
55,R164,A488,AACTGAAGCAACGGT,,
55,R165,Cy3B,AGTATCAGCTTGCAC,,
56,R166,A647,CAGCCATAGATCTAG,,
56,R167,A488,CCTCAAGTTATGCGC,,
56,R168,Cy3B,TCCATATACGAGGTG,,
57,R169,A647,GGAGTAATACGACGC,,
57,R170,A488,CCGTAAAGTCGACTG,,
57,R171,Cy3B,AACTATACCGTCCAA,,
58,R172,A647,TATTGGCTGTTACGA,,
58,R173,A488,TCTTTACCGACTCAT,,
58,R174,Cy3B,GCTGTTCGCGTGATA,,
59,R175,A647,CCCGTAGATGACTTT,,
59,R176,A488,ATTATCGGTTCCAGC,,
59,R177,Cy3B,TCGGCTTTTCGCATG,,
60,R178,A647,GAAGTCAAATCCGTC,,
60,R179,A488,CCCAATCGCTTTGGC,,
60,R180,Cy3B,ACATCCCGCGTATAT,,
61,R181,A647,TTCAATCCGTCGACA,,
61,R182,A488,GTACCCGTGTGGTAA,,
61,R183,Cy3B,CAAGGTGATTCGTGT,,
62,R184,A647,TGAGTAAAGACCGCC,,
62,R185,A488,AAACCGCTATATGCC,,
62,R321,Cy3B,GACTCATTAACTGCG,,
63,R187,A647,TACGAGTGTACCGAA,,
63,gAdapt_163,A488,CTTTGGCCGGCGAAT,CCCTTTACGACTACC,
63,R189,Cy3B,GAGCGTTTGATTGAC,,
64,R190,A647,GTCCCGCCTTATAAA,,
64,R191,A488,CTAGCACTGGTCGTC,,
64,R192,Cy3B,ACATAACATCCCGGT,,
65,R193,A647,TTGGGGACGTATCGA,,
65,R194,A488,TAGACCGCCTATCAT,,
65,R195,Cy3B,TCTTCAACTTGCTCG,,
66,R196,A647,TTGAACATTGCCGCC,,
66,R197,A488,GCGAATACCATACGC,,
66,R198,Cy3B,CTATAGACGAATAGC,,
67,R199,A647,CAAATCCGCGTGTTA,,
67,R200,A488,GCTCTAAGTGTCCGA,,
67,R322,Cy3B,GATCCGAATCCAACA,,
68,R332,A647,CTGTCAAACCGATCT,,
68,R203,A488,TCTAGCGGACATGAC,,
68,R204,Cy3B,CCAGTTGCCGTTACA,,
69,R205,A647,GTCGATTGATAAGGC,,
69,R206,A488,TTATCATGCCGCCAC,,
69,R207,Cy3B,AAGACGTGCTCCAGA,,
70,R208,A647,AAGTGAGGATTACGC,,
70,R209,A488,TATTAACGTGCCTGC,,
70,R210,Cy3B,AGCGTCATCGAAATC,,
71,R211,A647,AACTTCCCGACTCCG,,
71,R212,A488,TTATGCCGGAGCAAA,,
71,R323,Cy3B,GATACCTGTTATCCG,,
72,R214,A647,ATCGCAATCGTACCG,,
72,R215,A488,CTACAATCGAGCGAA,,
72,R216,Cy3B,TTGGCAGTCGCACAG,,
73,R217,A647,CAATGGATTACCTCG,,
73,R218,A488,TAGTCGCTCGAATAC,,
73,R219,Cy3B,GTCCGTATTGCGCTA,,
74,R220,A647,CGCTGATCGGATAAT,,
74,R245,A488,CCGGTCTTACATACT,,
74,R222,Cy3B,TGCAACCCCGCAACT,,
75,R223,A647,AGATAACGATACGCA,,
75,R224,A488,TCCTGATGTTACTGC,,
75,R326,Cy3B,GACCAGCGTCAAACT,,
76,R226,A647,CCAGGTTCGAACTAC,,
76,R227,A488,AGTTGGTCCGCGATA,,
76,R228,Cy3B,GGAAACTGATCGCGT,,
77,R229,A647,GCCAAATAGCGTGCA,,
77,R230,A488,CTATGTTCCTTCGGC,,
77,R231,Cy3B,GGGTTCATGACTAGA,,
78,R333,A647,CGGAGATCCATATCC,,
78,R233,A488,TTGTCCCGCGTTGAA,,
78,R327,Cy3B,GATGATACCAACCGT,,
79,R235,A647,AGGTAACCCATCGGA,,
79,R236,A488,CCTGTATGACCGTAT,,
79,R237,Cy3B,GCGTCGCGTTAGACT,,
80,R238,A647,AACGTCGCCTAAACT,,
80,R239,A488,AGTGTTAGGCGTATG,,
80,R240,Cy3B,TCTGGTTTATCCGTG,,